names,seqs,pre_freq,P1freq,P2freq,delta
RBD-flag-P2_1_34421,CAGCTCGTGGAGACGGGGGGAGGCTTGGTGCAGCCTGGGGAGTCTCTGCGACTCGCCTGCGAAGTCCCTAGATTCATTTTACAGTATTATACCATAGCCTGGTTCCGTCAGGCCCCAGGGAAGGAGCGTGAGGGGCTGTCATGTATTGCGGCAGGTATTGATGACACAACTTCAGCAGACTCCGTGAGGGGCCGATTCACCATCTCCAGAAACAATGCCAAGAATACGGTGTATCTGCAAATGAACAGGCTGGAACCTGAGGACACAGCCGTTTATTACTGCGCGGCAGATGGCATCCCCCTGGGTAACTGTCTGGATTACAAGGACATGGACTATTGGGGCAAAGGGACCCTGGTCACCGTCTCCTCC,-3.7981170485878386,-1.6299090844182642,-0.505924790052028,3.2921922585358105
RBD-flag-P2_4_20944,CAGCTCGTGGAGACGGGGGGAGGCTTGGTGCAGCCTGGGGGGTCTCTGAGACTCTCCTGTGCAGCCTCTGGATTCACCTTCAGTAGCGTCTACATGAACTGGGTCCGCCAGGCTCCAGGGAAGGGGCCCGAGTGGGTCTCGCGTATTAGTCCGAATAGTGGTAATATTGGGTATACAGACTCCGTGAAGGGCCGATTCACCATCTCCAGAGACAACGCCAAGAACACACTGTATCTGCAAATGAATAACCTGAAACCTGAGGACACGGCCCTGTATTACTGTGCGATTGGTTTGAATTTGAGTAGTAGCTCCGTTAGGGGCCAGGGGACCCAGGTCACCGTCTCCTCA,-5.2854449957045135,-3.3921195136664113,-1.2612735264802228,4.0241714692242905
RBD-flag-P2_5_15033,CAGCTCGTGGAGTCTGGGGGAGGCTTGGTGCAGCCTGGGAGGTCTCTGACACTGTCCTGTATAGCGAGTGGAAGTATGGAAGATTATGCCATAGGCTGGTTCCGCCAGGCCCCTGGGAAGGAGCGTGAAGGGGTCTCTTGGATTAGCGTTCACAGTGATACATTCTATTCAGAGTCCGTGAAGGGCCGATTCACCATCTCCAGAGACGACGGCAAGAACACTGTATATTTACAAATGAGTGGCCTGAAATCTGAGGACACAGCCAATTATTTCTGTGCAGCAGATCCCCAAAGTTCCTGGTATGCGGACAGAAATTTAATGCTTACTGACTACAAGCAACTCGACATTTGGGGCCGGGGCACCCTGGTCACTGTCTCCTCA,-4.453195263336129,-1.9865858406047656,-0.6242982927301872,3.8288969706059417
RBD-flag-P2_10_11181,CAGCTCGTGGAGACTGGGGGTGGCTCGGTGCAGCCTGGGGAGTCTCTCAAACTCTCCTGCACAGCCTCTGGATCTTCTTTGAATTATTATGCGATAGGGTGGTTCCGCCAGACTCCTTGGAAAGAGCGCGAGGGGGTCTCATGTATAGATTCTAAGGGTATCAAGAAAAATTACGTAGACTCCGTGAAGGGCCGATTCACCATCTCCAGAGATGACAGCGAAAACACGGTAACTCTGCAGATGGATAGTCTAAAACCTGAGGACACAGCTGTTTATTATTGCGCGGCCATGATACGTTCTGATGATGTTCAGGAAATGTGCGACCAGCGATGGCCCCCCGATTACTGGGGGCACGGGACCCAGGTCACCGTCTCCGCA,-4.950453839996578,-2.972595921435121,-1.2781946056569842,3.6722592343395934
RBD-flag-P2_14_8721,CAGCTCGTGGAGTCTGGGGGAGCCTTGGTGCGGCCTGGGGGGTCTCTGAGACTCTCCTGTGCCGCCTCTGGCTTCCCCTTCGCTAATTTCGGGATAACCTGGGTCCGCCTGCCTCCAGGAAAGGGGCTCGAGTGGGTCGCAGACATTACTCCTGATGGTGGTACCACATACTATGCAGACTCCGTGAAGGGCCGGTTCACCATCTCCAAAGACAACGCCAAGAATACGGTGGCTCTGCAAATGAACACACTGAGTCCTGAAGACACGGCCGTATATTACTGTGCGACCCCGATGTATGACCACTGGGGTCAGGGTACCCAGGTCACCGTCTCCTCA,-2.0056179263536356,-1.8399119695946964,-1.0811905217419608,0.9244274046116747
RBD-flag-P2_22_4929,CAGCTCGTGGAGACTGGGGGAAACTTGGTGGAGCCTGGATCATCTCTCAAACTTTCCTGTTCGACTTCCGGATTCAGTCTGGAGTTCTTAATCATGGGGTGGTTCCGCCAGGCCCCGGGGAAGGAGCGTGAGGGCCTCTCATGTATTAGTGTGGCCACCAATAGTACAAACTATTCAGACTCCGTGAAGGGCCGATTCACCGTCTCCGTCGACCATGAGAAGAAGATGGCGTATTTGCAAATGAACAACCTGTATCCCGAAGACACCGGCGTCTATTATTGCGCGGCCGTCCACGGCTATCAGCAGAAATGTACCCTCGATAACTTCGACAACTGGGGCCAGGGGACCCAGGTCACCGTCTCCGCGGGTGAA,-3.404181108386052,-1.4261206887262234,-1.5546083032364493,1.8495728051496028
RBD-flag-P2_24_4066,CAGCTCGTGGAGTCTGGGGGAGACTTGGTGCACCCTGGGGGATCTCTGAGACTCTCCTGCACAGCCTCTGGATTCCGTTTGGATGTTTATGCCATATGCTGGTTCCGCCAGGCCCCAGGGAAGGAGCGTGAGGGAGTCTCATGTATTAATAATAGTGGTAAATATACAAACTATGCAGACTCCGTGAAGGACCGATTCACCACGTCCAGAGACAACGGCAAGAATACGGTAGTTCTGGAAATGAATAACCTGAAACCTGAGGACACAGCCGTTTATTACTGTGGAGCCGCTGTCGATAACGAATATATGGAGCTCGATTACAAGGACATAGACTACTGGGGCAAAGGGACCCAGGTCACCGTCTCCTCA,-4.83445824225355,-2.8040261211042705,-1.4841997332099468,3.3502585090436034
RBD-flag-P2_26_3677,CAGCTCGTGGAGACAGGGGGAGGCGCGGTGCAGGCTGGAGGTTCTCTCAGACTCACCTGTACATTGACTGGTCGCTCTTACGGTAATTACGCCATGGCCTGGATCCGCCAGGCGCCAGGTAGAGAGCGTGAATTCGTGGCAGCCTCGCCCTGGTTTGGTGGGCCATTATATGCAGGCTCCGTGAAGGGTCGATTCACCACTTCCAGAGAAGACAACGGCCAACAAATAATGATGTACTTACAAATGACGAACGTAGACCCGGAAGACGCGGCCACGTACTACTGTGCCGCTGAATTCTATGCCGGTGACGGATATAATACGGACACTCTGCGAGATCCCTGGGCGTACCGCCTCTACGGCCAGGGAACCCGGGTTTTCGTTTCTTCAGGCGGGGTCACCGAGCCATCA,-5.093799867192362,-3.150613076445116,-1.9509745373272953,3.142825329865067
RBD-flag-P2_32_3080,CAGCTCGTGGAGTCTGGGGGAGGCTTGGTGCAGCCTGGGGGTTCTCTGAGACTCTCCTGTGCAGCCTCTGGATTTAAGTTCAGTGACGCAGACATGAGCTGGGTCCGCCAGGCTCCAGGGAAGGGGCTCGAGTGGGTCTCAGGTATTGATGAGCGTGGTGGACGCACATACTATGCAGACTCCGTGAAGGGCCGATTCACCATCTCCAGAGACAACGCCGAGAACACGGTGTATCTGCAAATGAACAGCCTGAAACCTGAGGACACGGCCCGGTATTACTGCGCAAAAGAGGGCCGCGAATATACTGCGCGCGACTGGGGCCAGGGGACCCAGGTCACCGTCTCCTCA,-5.060178751450693,-3.227572848038401,-2.0942559692286387,2.9659227822220546
RBD-flag-P2_33_2695,CAGCTCGTGGAGACTGGGGGAGGCTTGGTGCAGCCTGGGGGGTCTCTGAGACTCTCCTGTGCAGCCTCTGGATTCACCTTCAGTGAATACTCGATGAACTGGGTCCGCCAGGCTCCAGGGAAGGGGCTCGAGTGGGTCTCGTTTATTACTGGTGCAAGTGGTACCACATACTATGCAGACTCCGTGAAGGGCCGGTTCACCATCTCCAGAGACAACGCCAAGAACACGCTGTATCTGCAAATGAACAGCCTGAAACCTGAGGACACGGCCGTGTATTATTGTGCTAGGTGGTACGACATGGGCATGGACTACTGGGGCAAAGGGACCCTGGTCACCGTCTCCTCA,-3.3492003156902723,-1.6912601875393998,-1.626438001128209,1.7227623145620634
RBD-flag-P2_34_2690,CAGCTCGTGGAGTCTGGGGGAGGCTTGGTGCAGCCTGGGGGGTCTCTGCGACTCTCCTGTGTAGCCTCAGGATTCTACTTCAGGGGCTACCACATGAGCTGGTTCCGCCAGGCTCCAGGGAAGGAGCGCGAGTTCGTCGCATCTATTATTAATTCTGGCAGAAATACAACGTACGCAGACTCCGTGAGGGGCCGGTTCGCCGTCTCCAGAGACAATAACAAGAATACGGTGTATCTTGAAATGAACAACCTGAAACCTGAGGATACGGCCATTTATTACTGTGCGAGACCTAGTGGTGACTACTGGGGCCAGGGGACCCAGGTCACTGTCTCCTCA,-1.0690097318060625,-1.0042571567969136,-2.1594467253299214,-1.090436993523859
RBD-flag-P2_37_2600,CAGCTCGTGGAGTCGGGCCCAGGCCTGGTGAAGTCCTCGCAGACGCTCTCCCTCACCTGCACTGTCTCTGGTGGCTCCATCACAACCAGCTATTACTACTGGAGCTGGATCCGTTGGGCCCCAGGGAAGGGTCTGGAGTGGATGGGGACCATAGATTATGAAGGCAGCACTGACTACAGCCCATCCCTCAAGAGCCGCACTTCCATCTCCAGGGACACGTCCAAGAACCAGCTCTCCCTGCAGCTGAGGTCTGTGACCCCTGAGGACACGGCCGTGTATTACTGTGCTAGATCCATAGACGGTAGTCGGGCCGGGGAGTATGAGTACTGGGGCCAGGGGACCCAGGTCACCGTCTCCTCA,-4.686696971766555,-2.3816821451322316,-1.7602324514962764,2.9264645202702786
RBD-flag-P2_38_2441,CAGCTCGTGGAGTCTGGGGGAGGCTTGGTGCAACCTGGGGGGTCTCTGCGACTCTCCTGCGCGGCCTCTGGATTCGATTTCAGTAGTTTCGTTATGGCTTGGGTCCGCCAGGCTCCAGGAAAGGGGTTCGAGTGGGTGTCAGATATCAGTAGTAGTGGTGATAAAAAATATCATGTAGAATCCGTTCTGGGCCGGTACACCATCTCCAGAGACAACGGCAAGAACACACTGTATCTCCAAATGAACAACCTCAAACCTGAGGACACGGCCGTGTATTACTGTGCGAAAATTGACGCCACGAGTCAGTACCCTGAGTACTGGGGCAAAGGGACCCTGGTCACCATCTCTTCA,-5.158344093841276,-2.6558878438546625,-2.171671303335027,2.986672790506249
RBD-flag-P2_48_1611,CAGCTCGTGGAGTCTGGGGGAGGCTTGGTCCAGGCTGGGGAGTCTCGGACTCTCGCCTGCGCGGCCTCTGGATTCAGTTGGGAGAATTATCACGCAGCTTGGTTTCGCCAGGCCCCAGGGAAGGAGCGTGAAGGAATTGCTTGTATAAGTAATACCGGGACAGCAACCGATTATGCGGATTCCGTGAAGGGCCGATTCGTCATTTCCAGAGACAACGCCAAGAATACAGCATATCTCCAGATGAACGACCTGAAACCTGAAGACACTGGTCTATATTTCTGTGCTTCAGATGCACGATACGGCAATAATTGGTGTCCCCTATCAGGATATGACTACTGGGGCCAGGGGATCCAGGTCACCGTCGACACA,-2.1946001001437776,-2.1572058053352676,-2.329447186765039,-0.13484708662126144
RBD-flag-P2_55_1156,CAGCTCGTGGAGACTGGGGGAGACTTGGCGCAGCCGGGGGGGTCTCTGAGACTCTCCTGTGTAACGTCTGGATTCTCCTTCACAAGTCACTATATGGGGTGGGTCCGCCAGGCTCCAGGAAAGGGGCCTGAATGGGTCTCAGATATAAATACGAACAGTGGCGACACTCGGTATGCAGACTCCGTGACGGGCCGATTCACCATCTCCAGAGACAGTGTCAAGAACACACTATTTCTCCGGATGAACGACCTGAAACCAGGGGACACGGCCCTTTATTACTGTGTGAGAGATCTCAAACCGTATATGTATTGGGGCCAGGGGACCCAGGTCACCGTTTCCTCA,-3.1067369062432353,-2.66012241154066,-2.536325536884287,0.5704113693589483
RBD-flag-P2_57_1054,CAGCTCGTGGAGTCAGGGGGAGGCTTGGTGCAGCCTGGGGGCTCTTTGAGACTCTCCTGTGTAGCCGCTGGAAAGGCTTTGGATTCTTATACCATAGGCTGGTTTCGCCAGGCCCCAGGGAAGGAGCGTGAGGGGGTCTCGTGTATTAGTCGATTTGGTATTAGCACACTGTATGCAGACGACGTGCAGGGCCGATTCACCATCTCCAGAGACAACGCCAAGAACACGGTATATCTACAAATGGAGAGCCTGAAACCTGAGGACACAGCCATTTATTACTGTGCCGCCGCCTTCGGCACAACTGTTCAGGCTATGTGTAGTAACCGAGCTTGGGCGTCCGTCTACTGGGGCCAGGGGACCCAGGTCACCGTCTCCTCA,-2.204188169654799,-2.381362086357976,-2.5385395384017513,-0.33435136874695237
RBD-flag-P2_62_916,CAGCTCGTGGAGTCGGGGGGAGGCTTGGTGCAGTCTGGGGGGTCTCTGAGACTCTCCTGTGCAGCCCCTGGATTTAGTTTGGATAGGTTTACCATAGGCTGGTTCCGCCAGACTCCAGGGAAGGAGCGTGAATGGGTCTCATGTATTAGTGCTAGTGGAATACCAGCCTATGCAGACTCCATGAAGGACCGATTCACCATCTCGAGAGACAGCGCCGGGAACGTGGTATTTCTACAAATGGATAGCCTGAAGCCTGAGGACACGGGCGTTTATTACTGTGCCCGGGGAGTGGTGTTTGTTCGTGATACGTGTGTTCTAGGATCGCTTGTTACCTACGGCCAGGGGACCCAGGTCACCGTCTCTTCA,-3.3624409035379688,-2.834266361281911,-2.60932900332813,0.7531119002098388
RBD-flag-P2_63_908,CAGCTCGTGGAGTCAGGGGGAGGCTTGGTGCAACCTGGGGGGTCTCTGAGACTCTCCTGTGCAACCTCTGGATTCACCTTCAGTAATTATGCTATGAGCTGGGTCCGCCAGGCTCCAGGAAAGGGACTCGAGTGGGTCTCAGAGATTAATAGCGGTGGTGGTAGCACATACTATGCAGACTCCGTGAAGGGCCGGTTCACCATATCCAGAGACAACGCCAAGAACACGCTGTATCTGCAAATGAACAGCCTGAAATCTGAGGACACGGCCGTATATTACTGTGCAAAGGGGGGTAATAGTTTTGCGCGCGAATACTATGACTACTGGGGCCAGGGGACCCAGGTCACCGTCTCCTCA,-5.1357466071780795,-3.185857994105119,-2.6374669689635484,2.498279638214531
RBD-flag-P2_73_549,CAGCTCGTGGAGACCGGGGGAGGCTTGGTGCAACCTGGGGGGTCTCTGACGCTCTCCTGCGCAGTTTCTGGTTTCACCTTCAGTAACTATGCCATGAGCTGGGTCCGCCAGGCTCCAGGAAAGGGGCTCGAGTGGGTCGCAAGTATTAATATTGATGGGGGAACTACAAACAGACCAGATTCCATAAAGGACCGGTTCACCGTCTCCAGAGACAACGCCAAGAACACGCTGATGCTACAAATGAACAGCCTGAAACCTGAAGACACGGCCGTGTATTACTGCACAAAATCGCGCGAAAAATGGAGGACGGAGTATTTCGAAGTTTGGGGCCAGGGCACCCTGGTCACTGTCTCCTCA,-3.377068207892767,-2.874170947617487,-2.821067323609172,0.5560008842835948
RBD-flag-P2_78_338,CAGCTCGTGGAGACCGGGGGAGGCGAGGTGCAGTCTGGGGGGTCTCTAAGACTTGCTTGTGAAGTCTCTGGATCCGCTTTGGATGACCATGCCATAGGCTGGTTCCGCCAGGCCCCAGGAAAGGAGCGTGAGGGGGTCTCTTGTATTAACCCTAATGGTAAGACAAAAACCTACCTAAAATCCGTGAAGGGCCGATTCACCATTTCCAGAGACATCACCAAGAATACGGTGTATCTGCAAATGGACAGACTGAGACCTGAGGACACAGGACTATATATTTGTGCAGCTGAACCTGACGCCTGCCCTGCCAGGGATGAATTGTACACCGACTATATAGGGGGGGAAGACTACGGAATGGAGTACTGGGGCAGAGGGACCCAGGTCACCGTCTCCTCA,-3.2245262996787094,-3.0063272469324596,-3.0232674083298186,0.20125889134889086
RBD-flag-P2_93_166,CAGCTCGTGGAGACGGGGGGAGGCATGGTGCAGCCGGGAGAATCTCTGACACTCTCTTGTGTGACCTCTGGATTCACTTTCGACGATTATGCCATGGGCTGGTGGCGCCAGGCCCCAGGCAAGGCGCGTGAGGGGGTTGGATGTATTAGTAATAGTGGCAGAACCACAAATTTAGCGGCCTCTGTGGAGGGCCGTTTCACCATCTCCCGAGACAACGCCAAGAATACGGTTTACCTGAAAATGCACAGCCTGAAGCCGGAGGATACAGCCGTTTATTATTGTTCAGCGGAAGAAGGCACCTGGTATGAGGGCTGTGCACGGGACGAAGAGTATGAGATTGAGGCCTGGGGCCAGGGAACCCAGGTCACCGTCGCCTCC,-2.4287926676901397,-2.3739078164413616,-3.339457699962694,-0.9106650322725542
RBD-flag-P2_111_124,CAGCTCGTGGAGACGGGGGGAGGCTTGGTACAGTCTGGGGGGTCTCTGAGACTCTCCTGTACAGCCTCTGGATTCTCTTTGGATTATCATGCCATGGGCTGGTTCCGCCAGGCCCCTGGGAAGGAGCGTGAAGAGGTCGCCTGTATAAGTAGTAGTGGTTTTGTCACAAATGATGCAGACTCCGTGAAGGGGCGATTCACCATCTCCAGAGACAAAGCCGAGAACACGGCGTATCTGCAAATGGACAGCCTGAAGCCTGAGGACACAGCCGTTTATTATTGTGCAGCCGTCCCGGGCTGGTGGAGCATGTGTGCTTCCGAGTATGACTACTGGGGCCAGGGGACCCAGGTCACCGTCTCCTCAGGTTCGGAGTATGACGGCTGGGGCCAGGGGACCCAGGTCACCGTCTCCTCA,-3.9297779667207435,-3.4424851861973824,-3.4088809276476555,0.520897039073088
RBD-flag-P2_137_80,CAGCTCGTGGAGACGGGGGGAGGCTTGGTGCAACCTGGGGGGTCTCTGAGACTCTCCTGTACAGCGTCTGGTTTCACTTTCAGTAGCGTTGGCATGAGTTGGGTCCGCCAGGCTCCAGGAAAGGGGCTCGAGTGGGTCGCAGACATTACTCCTGATGGTGGTACCACATACTATGCAGACTCCGTGAAGGGCCGGTTCACCATCTCCAAAGACAACGCCAAGAATACGGTGGCTCTGCAAATGAACACACTGAGTCCTGAAGACACGGCCGTATATTACTGTGCGACCCCGATGTATGACCACTGGGGTCAGGGTACCCAGGTCACCGTCTCCTCA,-4.307852352738162,-5.048531401163818,-3.13279647588479,1.1750558768533717
RBD-flag-P2_213_42,CAGCTCGTGGAGTCTGGGGGAGGCTTGGTACAACCTGGGGGGTCTCTGAGACTCTCCTGTCAAGCCTCTGGATTCACCTTCAGTAATCTTGGTATGACTTGGGTCCGCCAGGCTCCAGGAAAGGGGCTCGAGTGGGTCGCAGACATTACTCCTGATGGTGGTACCACATACTATGCAGACTCCGTGAAGGGCCGGTTCACCATCTCCAAAGACAACGCCAAGAATACGGTGGCTCTGCAAATGAACACACTGAGTCCTGAAGACACGGCCGTATATTACTGTGCGACCCCGATGTATGACCACTGGGGTCAGGGTACCCAGGTCACCGTCTCCTCA,-4.150963023726073,-3.907468634376082,-3.153201005447362,0.9977620182787108
RBD-flag-P2_300_29,CAGCTCGTGGAGTCTGGGGGAGGATTGGTCCAGGCTGGGGATTCTCTGAGACTCTCCTGTAGAGCCTCTGGGCGCACCTTCGATCCCTATGCCATGGCCTGGTTCCGGCAGGCTCCAGGGAAGGAGCGTGAGTTTGTAGCCGCTATTAGCTGGATTAATGGTGGCACGCGCGTTGAAGACTCCTTGCAGGGCCGATTCAGTATCTCCAGAGACAGAGCCGAGAACACGCTTTTTCTGCAAATGAACAGCCTGCAACCTGAGGACTCGGCCGTGTATTTCTGTGCGGCCGGCCTGACGGGTTGGGGTGAATGGGGACATGAGTATGACTACTGGGGCCAGGGGACCCAGGTCACCGTCTCCTCA,-5.889699390150935,-5.889699390150935,-4.161783698660847,1.7279156914900877
RBD-flag-P2_461_18,CAGCTCGTGGAGTCTGGGGGAGGCTTGGTGCAGCCCGGGGGGTCTCTGAGACTCTCCTGTTTAGCCTCTGGATTCACGTTCAGTAGGTTTGCCATGCGATGGTACCGCCAGGGTCCAGGGAAGGAGCGCGAGTTGGTCGCAACTATTAGTCGTGCTGGTGCGATCACAAGCTATGCAGACTCCGTCAGGGGCCGATTCACCATATCCAGAGACAATCTCAAGGATACGGTGTATCTGCAAATGAAGAACCTGAAGTTTGATGACACGGCCGTGTATTACTGTAACGCACCTTCTGAGGACTACTGGGGCCAGGGGACCCAGGTCACCGTCTCCTCG,-0.9699348393612358,-1.2297492615975916,-4.3610553371322185,-3.3911204977709826
RBD-flag-P2_681_13,CAGCTCGTGGAGACGGGGGGAGGCTTGGTGCAGCCTGGGGGGTCTCTGAGACTCTCCTGTGCAGCCTCTGGATTCACCTTCAGTAGCGTCTACATGAACTGGGTCCGCCAGGCTCCAGGGAAGGGGCCCGAGTGGGTCTCGCGTATTAGTCCGAATAGTGGTAATATTGGGTATACAGACTCCGTGAAGGGCCGATTCACCATCTCCAGAAACAATGCCAAGAATACGGTGTATCTGCAAATGAACAGGCTGGAACCTGAGGACACAGCCGTTTATTACTGCGCGGCAGATGGCATCCCCCTGGGTAACTGTCTGGATTACAAGGACATGGACTATTGGGGCAAAGGGACCCTGGTCACCGTCTCCTCC,-5.889699390150935,-5.889699390150935,-4.161783698660847,1.7279156914900877
RBD-flag-P2_729_12,CAGCTCGTGGAGACTGGGGGTGGCTCGGTGCAGCCTGGGGAGTCTCTCAAACTCTCCTGCACAGCCTCTGGATCTTCTTTGAATTATTATGCGATAGGGTGGTTCCGCCAGACTCCTTGGAAAGAGCGCGAGGGGGTCTCATGTATAGATTCTAAGGGTATCAAGAAAAATTACGTAGACTCCGTGAAGGGCCGATTCACCATCTCCAGAGATGACAGCGAAAACACGGTAACTCTGCAGATGGATAGTCTAAAACCTGAGGACACAGCCGTTTATTACTGCGCGGCAGATGGCATCCCCCTGGGTAACTGTCTGGATTACAAGGACATGGACTATTGGGGCAAAGGGACCCTGGTCACCGTCTCCTCC,-5.889699390150935,-5.5497735326603905,-4.066501903346866,1.8231974868040686
RBD-flag-P2_731_12,CAGCTCGTGGAGACTGGGGGAGGCTTGGTGCAGGCTGGGGAGTCTCGGAGACTCGCCTGCGTAGCCTCTGGATTCAGTTGGGAGAATTATCACGCAGCTTGGTTTCGCCAGGCCCCAGGGAAGGAGCGTGAAGGAATTGCATGTATAAGTAACACCGGTACAGCAACAGATTATAGTGATTCCGTGAAGGGCCGATTCGTCATCTCCAGAGACAACGCCAAGAATACAGCATATCTCCAGATGAACGACCTGAAACCTGAAGACACTGGTCTATATTTCTGTGCTACAGATGCACGATACGGCAATAATTGGTGTCCCCTATCAGGATATGACTACTGGGGCCAGGGGATCCAGGTCACCGTCGACACA,-1.3767866847357089,-1.4684634428785375,-2.121422114997052,-0.7446354302613429
RBD-flag-P2_844_11,CAGCTCGTGGAGACGGGGGGAGGCTTGGTGCAGCCTGGGGAGTCTCTGCGACTCGCCTGCGAAGTCCCTAGATTCATTTTACAGTATTATACCATAGCCTGGTTCCGTCAGGCCCCAGGGAAGGAGCGTGAGGGGCTGTCATGTATTGCGGCAGGTATTGATGACACAACTTCAGCAGACTCCGTGAGGGGCCGATTCACCATCTCCAGAGACGACGGCAAGAACACTGTATATTTACAAATGAGTGGCCTGAAATCTGAGGACACAGCCAATTATTTCTGTGCAGCAGATCCCCAAAGTTCCTGGTATGCGGACAGAAATTTAATGCTTACTGACTACAAGCAACTCGACATTTGGGGCCGGGGCACCCTGGTCACTGTCTCCTCA,-5.889699390150935,-5.889699390150935,-3.651430842128,2.2382685480229347
